Class,Participant
California Poppy,361074
California Poppy,361842
California Poppy,357371
California Poppy,1322
California Poppy,359859
California Poppy,349011
California Poppy,351484
California Poppy,355880
California Poppy,362544
California Poppy,363087
California Poppy,359573
California Poppy,368908
California Poppy,364209
California Poppy,364964
California Poppy,357493
California Poppy,371495
California Poppy,365509
California Poppy,360234
California Poppy,355824
California Poppy,358087
California Poppy,361332
California Poppy,365448
California Poppy,363812
California Poppy,360476
California Poppy,1304
California Poppy,359080
California Poppy,1307
California Poppy,355802
California Poppy,356105
California Poppy,1306
California Poppy,363178
Dolphin,1261
Dolphin,277787
Dolphin,1295
Dolphin,1245
Dolphin,1329
Dolphin,1285
Dolphin,1281
Dolphin,1241
Dolphin,1256
Dolphin,1268
Dolphin,1262
Dolphin,1291
Dolphin,368461
Dolphin,368485
Dolphin,1265
Dolphin,1288
Dolphin,368463
Dolphin,1266
Dolphin,1314
Dolphin,1289
Dolphin,1284
Dolphin,369142
Dolphin,1270
Dolphin,1287
Dolphin,1279
Dolphin,1259
Dolphin,1251
Dolphin,1271
Dolphin,1260
Dolphin,1280
Hummingbird,368472
Hummingbird,1255
Hummingbird,1312
Hummingbird,1286
Hummingbird,1244
Hummingbird,1277
Hummingbird,1258
Hummingbird,1246
Hummingbird,277599
Hummingbird,365245
Hummingbird,1283
Hummingbird,366394
Hummingbird,1257
Hummingbird,1273
Hummingbird,368465
Hummingbird,1324
Hummingbird,1292
Hummingbird,1264
Hummingbird,1325
Hummingbird,1305
Hummingbird,1282
Hummingbird,1267
Hummingbird,1321
Hummingbird,1263
Hummingbird,368466
Hummingbird,364241
Hummingbird,364240
Hummingbird,1253
Hummingbird,1250
Hummingbird,1242
Juniper,350793
Juniper,337884
Juniper,1316
Juniper,355790
Juniper,337553
Juniper,339907
Juniper,350429
Juniper,355887
Juniper,355923
Juniper,345073
Juniper,364393
Juniper,348268
Juniper,337650
Juniper,355834
Juniper,344830
Juniper,338142
Juniper,355888
Juniper,345185
Juniper,355879
Juniper,355836
Juniper,355822
Juniper,344984
Juniper,339216
Juniper,346604
Leopard Lily,1269
Leopard Lily,274684
Leopard Lily,343635
Leopard Lily,1275
Leopard Lily,362559
Leopard Lily,1298
Leopard Lily,350664
Leopard Lily,1297
Leopard Lily,350798
Leopard Lily,355806
Leopard Lily,358608
Leopard Lily,1323
Leopard Lily,364653
Leopard Lily,355797
Leopard Lily,358207
Leopard Lily,355910
Leopard Lily,357741
Leopard Lily,1293
Leopard Lily,355792
Leopard Lily,357259
Leopard Lily,1317
Leopard Lily,361779
Leopard Lily,355817
Leopard Lily,369751
Leopard Lily,276536
Leopard Lily,355818
Leopard Lily,357221
Leopard Lily,1247
Leopard Lily,1299
Leopard Lily,364349
Leopard Lily,352379
Lupine,351835
Lupine,368464
Lupine,357278
Lupine,355805
Lupine,365068
Lupine,1327
Lupine,1311
Lupine,361826
Lupine,361844
Lupine,351358
Lupine,360418
Lupine,368917
Lupine,368468
Lupine,368451
Lupine,357220
Lupine,1310
Lupine,344260
Lupine,356507
Lupine,352142
Lupine,1249
Lupine,351415
Lupine,360423
Lupine,354400
Lupine,361769
Lupine,349915
Lupine,276420
Lupine,362787
Lupine,355823
Lupine,361800
Lupine,358615
Lupine,368482
Lupine,358652
Manzanita,345686
Manzanita,355952
Manzanita,355920
Manzanita,355895
Manzanita,337641
Manzanita,350789
Manzanita,362570
Manzanita,355924
Manzanita,346892
Manzanita,345183
Manzanita,355922
Manzanita,345147
Manzanita,347307
Manzanita,355921
Manzanita,332508
Manzanita,344468
Manzanita,355707
Redwood,355881
Redwood,270771
Redwood,341212
Redwood,365021
Redwood,351866
Redwood,362566
Redwood,337883
Redwood,362564
Redwood,355878
Redwood,362571
Redwood,363811
Redwood,355894
Redwood,355827
Redwood,362562
Redwood,345855
Redwood,355959
Redwood,343521
Redwood,345609
Redwood,355828
Redwood,331856
Redwood,343126
Redwood,348289
Redwood,352896
Redwood,338550
Redwood,343637
Redwood,355821
Sage,358105
Sage,358390
Sage,345303
Sage,1276
Sage,365573
Sage,1303
Sage,364192
Sage,361801
Sage,364791
Sage,368926
Sage,358831
Sage,1290
Sage,357508
Sage,360376
Sage,350836
Sage,365886
Sage,370013
Sage,368448
Sage,360025
Sage,274756
Sage,356954
Sage,1252
Sage,362204
Sage,351450
Sage,364954
Sage,1326
Sage,1272
Sage,371305
Sage,352344
Sage,364492
Sage,364235
Sage,364223
Sage,1318
Sunflower,364710
Sunflower,368471
Sunflower,351117
Sunflower,1315
Sunflower,1319
Sunflower,368469
Sunflower,362887
Sunflower,351901
Sunflower,361802
Sunflower,368484
Sunflower,357291
Sunflower,350396
Sunflower,276786
Sunflower,365138
Sunflower,274173
Sunflower,368453
Sunflower,1313
Sunflower,362557
Sunflower,1302
Sunflower,338764
Sunflower,277875
Sunflower,368457
Sunflower,350215
Sunflower,364856
Sunflower,355814
Sunflower,371306
Sunflower,349771
Sunflower,1309
Sunflower,352237
Sunflower,1320
Sunflower,368456
Sunflower,360478
Tidy Tips,1300
Tidy Tips,351726
Tidy Tips,1308
Tidy Tips,359347
Tidy Tips,351968
Tidy Tips,350670
Tidy Tips,370010
Tidy Tips,276183
Tidy Tips,366493
Tidy Tips,1296
Tidy Tips,362547
Tidy Tips,367378
Tidy Tips,365429
Tidy Tips,368474
Tidy Tips,361825
Tidy Tips,355811
Tidy Tips,361818
Tidy Tips,365586
Tidy Tips,276360
Tidy Tips,368915
Tidy Tips,351595
Tidy Tips,350966
Tidy Tips,1328
Tidy Tips,362205
Tidy Tips,362550
Tidy Tips,350673
Tidy Tips,360257
Tidy Tips,368460
Tidy Tips,355796
Tidy Tips,352466
Tidy Tips,352601
Tidy Tips,350347
Sunflower,49
California Poppy,68
Dolphin,63
Juniper,60
Redwood,57
Tidy Tips,55
Sunflower,86
Sage,80
Manzanita,53
Leopard Lily,79
Tidy Tips,82
Hummingbird,62
Dolphin,56
Leopard Lily,50
California Poppy,78
Sage,77
Hummingbird,81
Juniper,76
Redwood,85
Lupine,51
Lupine,67