First Name,Last Name,Email,Phone,Student,Contact Method,
Maia,Grimes,Cum.sociis@molestie.ca,687-712-8093,1039042,,
Bruce,Vance,sit.amet.consectetuer@nonummy.ca,072-745-6890,mollis@lacusNullatincidunt.co.uk,email,
Montana,Peck,euismod.ac@purus.ca,616-958-7820,1290881,"phone, email",
Adele,Perez,aliquet.diam@aarcu.co.uk,001-119-1837,mollis@lacusNullatincidunt.co.uk,email,
Genevieve,Roth,vehicula@purusgravidasagittis.edu,396-638-3404,"Alexander,Indira","phone, email",
Harding,Fleming,dictum.mi.ac@semper.com,206-232-0917,ante@egestas.ca,"phone, email",
Jaime,Wilkinson,iaculis.quis@nequeNullamnisl.org,624-816-7948,volutpat.Nulla.dignissim@rhoncusDonecest.net,phone,
Michelle,Clarke,vitae.erat.Vivamus@dignissimmagnaa.edu,129-377-7230,"Ramirez,Veda","phone, email",
Charles,Alston,at.egestas.a@nequevenenatis.co.uk,538-573-0840,"Cohen,Katell","phone, email",
Chiquita,Schroeder,Nunc.ut.erat@tempus.co.uk,510-542-1536,volutpat.Nulla.dignissim@rhoncusDonecest.net,"phone, email",
Jemima,Mcdonald,Aliquam.nisl.Nulla@idblanditat.ca,036-563-7213,1516974,phone,
Nero,Roy,enim.diam@semper.com,648-328-7616,1290881,,
Abel,Schwartz,tincidunt.pede.ac@magnisdisparturient.org,953-108-9111,"Howe, Shelley",,
Hyacinth,Sparks,facilisis.magna@egetipsum.edu,108-355-0864,"Ramirez,Veda","phone, email",
Berk,Osborn,per.conubia.nostra@Nuncsedorci.edu,494-555-1567,at.augue.id@vitaemauris.ca,,
Vera,Chan,velit.eget.laoreet@nullaIntincidunt.ca,770-777-1326,"Howe,Shelley",,
Graham,Battle,Fusce@amet.edu,025-139-7498,1516974,"email, phone",
Isaac,Martin,a.feugiat.tellus@sem.ca,350-959-7611,"Mccarty, Whitney",,
Zachery,Castillo,magna@sociis.edu,494-244-6880,"Cohen,Katell",email,
Ifeoma,Romero,velit.Pellentesque.ultricies@egestasDuis.ca,287-699-2470,at.augue.id@vitaemauris.ca,"email, phone",
Yasir,Cortez,interdum.feugiat@tellusPhaselluselit.edu,854-887-5694,facilisis.magna@luctusipsum.com,,
Freya,Gillespie,Duis.dignissim@Aenean.net,235-235-4431,"Mccarty, Whitney",email,
Dorian,Wallace,scelerisque.scelerisque.dui@Loremipsum.edu,250-844-3112,facilisis.magna@luctusipsum.com,,
Marah,Pittman,Donec.nibh@magnatellus.ca,482-228-5964,accumsan.convallis.ante@Vestibulum.com,"phone, email",
Macy,Thompson,nascetur.ridiculus@conguea.com,407-495-1347,1021678,"email, phone",
Harper,Farmer,et.malesuada@amagna.co.uk,054-831-9246,accumsan.convallis.ante@Vestibulum.com,"phone, email",
Madison,Head,congue@Proin.net,788-692-8123,ultrices.sit.amet@maurisut.co.uk,email,
Eliana,Lloyd,luctus.sit.amet@dictumultriciesligula.net,994-959-7699,"Horton,Willow",,
Neve,Taylor,vel.lectus@enim.co.uk,725-057-4711,1113408,,
Quyn,Chavez,amet.dapibus@justoProin.ca,821-274-5185,"Horton,Willow",,
Salvador,Dixon,Etiam.laoreet@atauctorullamcorper.com,211-178-7381,ornare.lectus@magnaCrasconvallis.net,"email, phone",
Adena,Acosta,pretium.aliquet.metus@accumsansedfacilisis.co.uk,999-459-6260,1113408,phone,
Carolyn,Hernandez,eros.non.enim@enimCurabiturmassa.org,997-099-0572,ultrices.sit.amet@maurisut.co.uk,email,
Constance,Hammond,nec.tellus@massa.co.uk,800-109-3671,quam.elementum@Morbinequetellus.net,"email, phone",
Hasad,Rivas,nec.luctus.felis@sagittissemper.com,038-482-7676,quam.elementum@Morbinequetellus.net,phone,
Dominic,Parsons,consequat@vitaesemperegestas.org,614-724-5679,1119119,email,
Cassandra,Glover,commodo.at.libero@facilisiSedneque.org,412-867-4810,1021678,phone,
Kamal,Snyder,arcu.vel.quam@ad.co.uk,585-518-8523,"Hayden,Wilma","email, phone",
MacKenzie,Finley,lacus.Quisque.imperdiet@ullamcorpermagna.net,090-704-1598,ornare.lectus@magnaCrasconvallis.net,phone,
Skyler,Valencia,placerat.augue.Sed@cursusetmagna.org,816-694-6026,amet@nunc.net,"phone, email",
Zane,Martinez,adipiscing.lacus.Ut@temporloremeget.net,874-920-8613,1119119,email,
Sybill,Villarreal,augue@Nuncmauriselit.org,964-817-9921,"Rose,Reed","phone, email",
Irma,Thompson,sit@ridiculus.net,747-475-5430,ante@egestas.ca,"email, phone",
Keane,Hensley,ligula@id.ca,079-770-8888,"Valencia,Hiram","email, phone",
Aphrodite,Giles,sodales.nisi@dignissimlacus.org,461-325-2255,amet@nunc.net,,
Hayley,Snow,mauris.ut@sed.com,829-869-1771,"Fischer,Thor","email, phone",
Veda,Turner,adipiscing@risusodioauctor.net,756-638-8943,1369459,,
Aiko,Kim,vel.turpis.Aliquam@dolorquam.org,289-083-2995,"Valencia,Hiram",phone,
MacKensie,Jimenez,tincidunt.orci.quis@maurisrhoncusid.com,405-035-7171,"Hayden,Wilma",email,
Tanya,Weber,aptent.taciti@in.net,781-645-4001,1147155,phone,
Candace,Myers,at.arcu@dolorvitae.com,750-844-2081,"Fischer, Thor","email, phone",
Chancellor,Cameron,Integer.sem.elit@gravida.com,772-203-7065,sagittis.Duis.gravida@euduiCum.edu,,
Michael,Golden,dolor@velit.ca,548-829-8947,sagittis.Duis.gravida@euduiCum.edu,,
Hayden,Chandler,vehicula.aliquet@atlacusQuisque.com,305-117-0629,1369459,,
Cedric,Jensen,egestas@mauris.co.uk,502-055-9473,1039042,,
Lani,Torres,non@dictumplacerataugue.org,470-068-4212,1147155,,
Fritz,Manning,Curabitur.dictum.Phasellus@libero.com,766-394-1706,1476568,,
Galena,Ingram,ipsum.primis.in@consectetuerrhoncusNullam.net,531-379-0400,1476568,,
Jesse,Maldonado,et.commodo.at@Nuncut.ca,613-821-5549,1989602,"phone, email",
Tatyana,Cash,Duis@Donecdignissimmagna.net,228-128-1568,"Rose,Reed","email, phone",
Xaviera,Glass,faucibus.orci.luctus@Mauris.org,370-860-4089,Nulla.facilisi@amet.com,"phone, email",
Fiona,York,Aliquam.gravida.mauris@maurisutmi.org,710-160-6164,1989602,,
Abraham,Bryant,lacinia@elitfermentum.co.uk,371-056-2620,"Whitaker,Geoffrey",email,
Willa,Schwartz,amet.luctus.vulputate@tincidunt.org,262-640-6547,Proin.dolor.Nulla@acturpisegestas.co.uk,email,
Benedict,Francis,Nam.ac.nulla@orciPhasellusdapibus.org,390-572-9951,"Randall,Austin",,
Maxwell,Campbell,eu@Intinciduntcongue.net,373-046-1114,Proin.dolor.Nulla@acturpisegestas.co.uk,,
Brynne,Ortega,pede.Suspendisse@Fusce.net,833-113-2865,"Pena,Francesca","email, phone",
Nicole,Hodge,sed.est.Nunc@risus.edu,388-726-8481,Nulla.facilisi@amet.com,"email, phone",
Britanney,Olson,amet.risus@velmauris.co.uk,741-670-5082,Praesent@dictumeu.com,"email, phone",
Scott,Pollard,habitant.morbi@vulputatevelit.co.uk,550-841-1630,"Whitaker,Geoffrey","phone, email",
Elmo,Mckee,adipiscing.lacus@tincidunt.co.uk,370-051-7421,suscipit.nonummy.Fusce@liberoProinmi.ca,,
Ryan,Phillips,augue.scelerisque.mollis@sed.com,531-750-3255,Praesent@dictumeu.com,,
Abigail,Galloway,auctor.Mauris.vel@auguemalesuada.ca,076-456-8914,"Pena,Francesca",email,
Jonas,Hanson,neque@ipsum.co.uk,766-477-0602,1667564,,
Hillary,Hurst,nibh.vulputate.mauris@CuraePhasellusornare.org,690-743-7435,1667564,phone,
Amethyst,Mooney,Ut.semper.pretium@commodotinciduntnibh.ca,663-949-5100,1197572,,
Paul,Lambert,ligula.Aenean.gravida@sedduiFusce.com,520-360-9469,1493000,"phone, email",
Yael,Barnett,risus.Donec.egestas@dolortempusnon.org,960-956-0425,1392823,"email, phone",
Winifred,Robinson,vehicula.Pellentesque.tincidunt@dolordapibusgravida.edu,467-690-3942,1392823,"email, phone",
Dahlia,Patterson,eu.arcu@purusin.com,291-333-4983,"Randall,Austin",,
Quamar,Cortez,Cras.vehicula@leoCrasvehicula.edu,764-092-0718,"Ford,Leah",phone,
Vielka,Woodward,Aliquam.vulputate@ametrisusDonec.org,741-703-8112,"Taylor,Ethan",email,
Baxter,Maldonado,Morbi.quis@Donecest.co.uk,685-594-9747,"Taylor,Ethan","email, phone",
Merrill,Cortez,placerat.augue@Utsemperpretium.co.uk,908-398-3897,"Solomon,Clio","email, phone",
Elaine,Carey,lorem.eget.mollis@enimconsequat.com,387-369-6895,dui.Fusce.diam@convallis.org,"email, phone",
Miranda,Lane,sem@Nuncsollicitudincommodo.edu,867-279-7890,"Phillips,Wendy",,
Lois,Hendrix,vehicula.risus@necimperdiet.co.uk,920-599-5159,1197572,phone,
Tanner,Hoffman,purus.gravida.sagittis@metusvitaevelit.org,480-338-9349,dui.Fusce.diam@convallis.org,"email, phone",
Sybill,Noel,Morbi@mauris.ca,278-702-9189,orci@mauris.net,phone,
Kylynn,Chapman,urna@enimcommodo.net,346-882-8677,"Phillips,Wendy",,
Wing,Case,hendrerit@massa.ca,957-345-7315,orci@mauris.net,,
Sophia,Horne,convallis@pulvinar.org,110-984-7761,consectetuer.mauris@nonummy.edu,,
Charlotte,Cline,senectus.et@ipsumnonarcu.ca,754-130-5027,1493000,"phone, email",
Mason,Franks,Nunc.ut.erat@Fusce.com,583-396-4929,"Gibson,Gail",,
Alexis,Francis,ut@quis.ca,916-792-3385,"Gibson,Gail","phone, email",
Mechelle,Perez,Donec@eu.org,279-030-0354,iaculis@magnaCras.ca,,
Bertha,Stein,eget.varius.ultrices@magnisdisparturient.ca,216-558-5241,consectetuer.mauris@nonummy.edu,email,
Petra,Lewis,scelerisque.neque.Nullam@accumsan.ca,338-430-3913,"Franco,Jerry","phone, email",
Galvin,York,ipsum.dolor@risus.ca,808-936-6009,iaculis@magnaCras.ca,,
Glenna,Casey,malesuada@ametmassaQuisque.edu,475-647-0162,"Franco,Jerry","email, phone",