Class,Participant,
English-H,teacher-demo1@yoop.ly, 
English-H,140000171,
English-H,140000173,
English-H,140000183,
English-H,140000186,
English-H,140000187,
English-H,140000189,
English-H,140000199,
English-H,140000211,
English-H,140000217,
English-H,140000228,
English-H,140000233,
English-H,140000238,
English-H,140000255,
English-H,140000268,
English-H,140000270,
English-H,140000280,
English-H,140000292,
English-H,140000299,
English-H,140000301,
English-H,140000305,
English-H,140000314,
English-H,140000319,
English-H,140000341,
English-H,140000345,
English-H,140000442,
English-R,teacher-demo2@yoop.ly,
English-R,140000444,
English-R,140000446,
English-R,140000448,
English-R,140000449,
English-R,140000455,
English-R,140000462,
English-R,140000466,
English-R,140000467,
English-R,140000472,
English-R,140000475,
English-R,140000481,
English-R,140000488,
English-R,140000492,
English-R,140000509,
English-R,140000511,
English-R,140000514,
English-R,140000519,
English-R,140000522,
English-R,140000527,
English-R,140000532,
English-R,140000535,
English-R,140000537,
English-R,140000538,
U.S. History,teacher-demo3@yoop.ly,
U.S. History,140000553,
U.S. History,140000570,
U.S. History,140000576,
U.S. History,140000578,
U.S. History,140000595,
U.S. History,140000603,
U.S. History,140000638,
U.S. History,140000651,
U.S. History,140000665,
U.S. History,140000672,
U.S. History,140000677,
U.S. History,140000689,
U.S. History,140000694,
U.S. History,140000743,
World History,teacher-demo4@yoop.ly,
World History,140000746,
World History,140000757,
World History,140000791,
World History,140000796,
World History,140000831,
World History,140000863,
World History,140000888,
World History,140000897,
World History,140000907,
World History,140001033,
World History,140001034,
World History,140001049,
World History,140001063,
World History,140001071,
World History,140001087,
World History,140001233,
World History,140001300,
World History,140001446,
World History,140001523,
 Ethnic Studies,teacher-demo5@yoop.ly,
 Ethnic Studies,140001535,
 Ethnic Studies,140001545,
 Ethnic Studies,140001679,
 Ethnic Studies,140001700,
 Ethnic Studies,140001745,
 Ethnic Studies,141000521,
 Ethnic Studies,141000600,
 Ethnic Studies,141000707,
 Ethnic Studies,141000782,
 Ethnic Studies,141000790,
 Ethnic Studies,141000809,
 Ethnic Studies,141000837,
 Ethnic Studies,141000842,
 Ethnic Studies,141000853,
 Ethnic Studies,141000997,
 Ethnic Studies,141001003,
 Ethnic Studies,141001058,
 Ethnic Studies,141001129,
 Ethnic Studies,141001131,
 Ethnic Studies,141001541,
 Ethnic Studies,141001682,
 Ethnic Studies,141001771,
 Ethnic Studies,141001986,
 Ethnic Studies,142000626,
 Ethnic Studies,142000638,
 Ethnic Studies,142000753,
 Ethnic Studies,142000850,
Pre-Algebra,teacher-demo6@yoop.ly,
Pre-Algebra,142000882,
Pre-Algebra,142000883,
Pre-Algebra,142000895,
Pre-Algebra,142000903,
Pre-Algebra,142000941,
Pre-Algebra,142001023,
Pre-Algebra,142001083,
Pre-Algebra,142001109,
Pre-Algebra,142001331,
Pre-Algebra,142001439,
Pre-Algebra,142001484,
Pre-Algebra,142001712,
Pre-Algebra,142001857,
Pre-Algebra,143000934,
Pre-Algebra,143000951,
Pre-Algebra,143000977,
Pre-Algebra,143000989,
Pre-Algebra,143000991,
Pre-Algebra,143000994,
Pre-Algebra,143000998,
Pre-Algebra,143001023,
Algebra I,teacher-demo7@yoop.ly,
Algebra I,143001064,
Algebra I,143001152,
Algebra I,143001155,
Algebra I,143001178,
Algebra I,143001209,
Algebra I,143001231,
Algebra I,143001236,
Algebra I,143001247,
Algebra I,143001260,
Algebra I,143001266,
Algebra I,143001273,
Algebra I,143001292,
Algebra I,143001315,
Algebra I,143001358,
Algebra I,143001361,
Algebra I,143001367,
Algebra I,143001372,
Math 1A,teacher-demo8@yoop.ly,
Math 1A,teacher-demo9@yoop.ly,
Math 1A,143001373,
Math 1A,143001381,
Math 1A,143001384,
Math 1A,143001391,
Math 1A,143001400,
Math 1A,143001425,
Math 1A,143001429,
Math 1A,143001434,
Math 1A,143001445,
Math 1A,143001450,
Math 1A,143001458,
Math 1A,143001464,
Math 1A,143001465,
Math 1A,143001466,
Math 1A,143001475,
Math 1A,143001479,
Math 1A,143001482,
Math 1A,143001483,
Math 1A,143001600,
Math 1A,143001608,
Math 1A,143001710,
Math 1A,143001715,
Math 1A,143001722,
Math 1B,teacher-demo10@yoop.ly,
Math 1B,teacher-demo11@yoop.ly,
Math 1B,143001728,
Math 1B,143001781,
Math 1B,143001864,
Math 1B,143001865,
Math 1B,143001866,
Math 1B,143001868,
Math 1B,143001897,
Math 1B,143002012,
Math 1B,143002015,
Math 1B,143002167,
Math 1B,143002199,
Math 1B,143002234,
Math 1B,143002240,
Math 1B,143002247,
Math 1B,143002352,
Math 1B,143002369,
Math 1B,144002329,
Math 1B,144002342,
Math 1B,144002343,
Math 1B,144002344,
Math 1B,144002347,
Math 1B,144002352,
Science 1A,teacher-demo12@yoop.ly,
Science 1A,144002359,
Science 1A,144002368,
Science 1A,144002371,
Science 1A,144002388,
Science 1A,144002389,
Science 1A,144002401,
Science 1A,144002411,
Science 1A,144002420,
Science 1A,144002423,
Science 1A,144002445,
Science 1A,144002467,
Science 1A,144002470,
Science 1A,144002471,
Science 1A,144002476,
Science 1A,144002481,
Science 1A,144002483,
Science 1A,144002488,
Science 1A,144002489,
Science 1A,144002501,
Science 1A,144002514,
Science 1A,144002524,
Science 1A,144002530,
Science 1A,144002531,
Science 1A,144002532,
Life Science,teacher-demo13@yoop.ly,
Life Science,144002536,
Life Science,144002543,
Life Science,144002548,
Life Science,144002550,
Life Science,144002553,
Life Science,144002558,
Life Science,144002559,
Life Science,144002563,
Life Science,144002572,
Life Science,144002627,
Life Science,144002628,
Life Science,144002629,
Life Science,144002630,
Life Science,144002637,
Life Science,144002638,
Life Science,144002639,
Life Science,144002642,
Earth Science,teacher-demo14@yoop.ly,
Earth Science,144002646,
Earth Science,144002651,
Earth Science,144002657,
Earth Science,144002670,
Earth Science,144002673,
Earth Science,144002674,
Earth Science,144002684,
Earth Science,144002692,
Earth Science,144002693,
Earth Science,144002701,
Earth Science,144002702,
Earth Science,144002709,
Earth Science,144002713,
Earth Science,144002715,
Earth Science,144002718,
Earth Science,144002728,
Earth Science,144002737,
Earth Science,144002739,
Earth Science,144002740,
Earth Science,144002900,
Spanish 1A,teacher-demo15@yoop.ly,
Spanish 1A,145004104,
Spanish 1A,145004136,
Spanish 1A,145004163,
Spanish 1A,145004190,
Spanish 1A,145004212,
Spanish 1A,145004266,
Spanish 1A,145004306,
Spanish 1A,145004346,
Spanish 1A,145004352,
Spanish 1A,145004364,
Spanish 1A,145004368,
Spanish 1A,145004371,
Spanish 1A,145004381,
Spanish 1A,145004383,
Spanish 1A,145004395,
Spanish 1A,145004421,
Spanish 1A,145004553,
Spanish 1A,145004594,
Spanish 1A,145004793,
Spanish 1A,145004880,
Spanish 1A,145004980,
Spanish 1A,145005268,
Spanish 1A,146004158,
Spanish 1A,146004422,
Spanish 1A,146004472,
Computer Science,teacher-demo16@yoop.ly,
Computer Science,146004516,
Computer Science,146004548,
Computer Science,146004567,
Computer Science,146004699,
Computer Science,146004751,
Computer Science,146004755,
Computer Science,146004793,
Computer Science,146004801,
Computer Science,146004823,
Computer Science,146004870,
Computer Science,146004879,
Computer Science,146004959,
Computer Science,146005195,
Computer Science,146005200,
Computer Science,146005453,
Computer Science,146005756,
Computer Science,146006065,
Computer Science,146006071,
Computer Science,147003743,
Computer Science,147003779,
Computer Science,147003857,
Homework Club,teacher-demo17@yoop.ly,
Homework Club,teacher-demo18@yoop.ly,
Homework Club,147003929,
Homework Club,147004026,
Homework Club,147004129,
Homework Club,147004160,
Homework Club,147004188,
Homework Club,147004216,
Homework Club,147004233,
Homework Club,147004338,
Homework Club,147004339,
Homework Club,147004398,
Homework Club,147004806,
Homework Club,147004973,
Homework Club,147005017,
Homework Club,147005031,
Homework Club,147005032,
Art,teacher-demo19@yoop.ly,
Art,teacher-demo20@yoop.ly,
Art,147005181,
Art,148003656,
Art,148003760,
Art,148003916,
Art,148004060,
Art,148004062,
Art,148004070,
Art,148004071,
Art,148004075,
Art,148004079,
Art,148004090,
Art,148004099,