Dolphin,1241
Hummingbird,1242
Hummingbird,1244
Dolphin,1245
Hummingbird,1246
Leopard Lily,1247
Lupine,1249
Hummingbird,1250
Dolphin,1251
Sage,1252
Hummingbird,1253
Hummingbird,1255
Dolphin,1256
Hummingbird,1257
Hummingbird,1258
Dolphin,1259
Dolphin,1260
Dolphin,1261
Dolphin,1262
Hummingbird,1263
Hummingbird,1264
Dolphin,1265
Dolphin,1266
Hummingbird,1267
Dolphin,1268
Leopard Lily,1269
Dolphin,1270
Dolphin,1271
Sage,1272
Hummingbird,1273
Leopard Lily,1275
Sage,1276
Hummingbird,1277
Dolphin,1279
Dolphin,1280
Dolphin,1281
Hummingbird,1282
Hummingbird,1283
Dolphin,1284
Dolphin,1285
Hummingbird,1286
Dolphin,1287
Dolphin,1288
Dolphin,1289
Sage,1290
Dolphin,1291
Hummingbird,1292
Leopard Lily,1293
Dolphin,1295
Tidy Tips,1296
Leopard Lily,1297
Leopard Lily,1298
Leopard Lily,1299
Tidy Tips,1300
Sunflower,1302
Sage,1303
California Poppy,1304
Hummingbird,1305
California Poppy,1306
California Poppy,1307
Tidy Tips,1308
Sunflower,1309
Lupine,1310
Lupine,1311
Hummingbird,1312
Sunflower,1313
Dolphin,1314
Sunflower,1315
Juniper,1316
Leopard Lily,1317
Sage,1318
Sunflower,1319
Sunflower,1320
Hummingbird,1321
California Poppy,1322
Leopard Lily,1323
Hummingbird,1324
Hummingbird,1325
Sage,1326
Lupine,1327
Tidy Tips,1328
Dolphin,1329